<?xml version="1.0" encoding="UTF-8"?>
<ti:app xmlns:ti="http://ti.appcelerator.org">
    <deployment-targets>
        <target device="mobileweb">false</target>
        <target device="iphone">false</target>
        <target device="ipad">false</target>
        <target device="android">true</target>
        <target device="blackberry">false</target>
    </deployment-targets>
    <sdk-version>2.1.4.GA</sdk-version>
    <id>com.appworkbench.alarmtest</id>
    <name>AlarmTest</name>
    <version>1.0</version>
    <publisher>benCoding.Com</publisher>
    <url>http://appworkbench.com</url>
    <description>benCoding.Com Alarm Manager Sample Project</description>
    <copyright>2012 by benCoding</copyright>
    <icon>appicon.png</icon>
    <persistent-wifi>false</persistent-wifi>
    <prerendered-icon>false</prerendered-icon>
    <statusbar-style>default</statusbar-style>
    <statusbar-hidden>false</statusbar-hidden>
    <fullscreen>false</fullscreen>
    <navbar-hidden>false</navbar-hidden>
    <analytics>false</analytics>
    <guid>6867e4bc-b8f8-4a39-9a30-5ae943026d79</guid>
    <property name="ti.android.compilejs" type="bool">false</property>
    <property name="ti.android.debug" type="bool">true</property>
    <property name="ti.android.fastdev" type="bool">false</property>
    <property name="ti.ui.defaultunit">system</property>
    <android xmlns:android="http://schemas.android.com/apk/res/android">
        <manifest>
            <supports-screens android:anyDensity="false"/>
            <application>
                <activity android:alwaysRetainTaskState="true"
                    android:configChanges="keyboardHidden|orientation"
                    android:label="AlarmTest"
                    android:launchMode="singleTop"
                    android:name=".AlarmtestActivity" android:theme="@style/Theme.Titanium">
                    <intent-filter>
                        <action android:name="android.intent.action.MAIN"/>
                        <category android:name="android.intent.category.LAUNCHER"/>
                    </intent-filter>
                </activity>
                <receiver android:name="bencoding.alarmmanager.AlarmNotificationListener"/>
                <receiver android:name="bencoding.alarmmanager.AlarmServiceListener"/>
            </application>
        </manifest>
        <services>
            <service type="interval" url="testservice.js"/>
        </services>
    </android>
    <modules>
        <module platform="android" version="0.5">bencoding.alarmmanager</module>
    </modules>    
</ti:app>